author_id,name,messages,first,last,active_years,attachments,reactions,max_text_gap_days,everyone_pings,infrastructure_keyword_messages,top_channels
211382746935721987,Shagwrath,15616,2016-10-19T16:34:16.125000-05:00,2026-09-27T20:26:43.495000-05:00,"2016,2017,2018,2019,2020,2021,2022,2023,2024,2025,2026",2126,650,37.19,149,220,general:11000; media:1997; bots:1054; games:480; shagwraths-shit:398
456226577798135808,Deleted User,8114,2016-10-19T17:03:02.695000-05:00,2024-06-01T16:25:55.028000-05:00,"2016,2017,2018,2019,2020,2021,2024",318,46,1182.06,28,28,general:7845; media:162; bots:107
141459441328455680,Steven,3930,2016-10-19T21:14:00.388000-05:00,2026-09-27T15:34:51.142000-05:00,"2016,2017,2018,2019,2020,2021,2022,2023,2024,2025,2026",428,167,54.53,15,25,general:2860; media:445; games:256; bots:145; Helldivers II:98
150046634162520065,Juby,3578,2016-10-19T18:46:43.111000-05:00,2026-07-31T13:36:55.482000-05:00,"2016,2017,2018,2019,2020,2021,2022,2023,2024,2025,2026",432,49,117.44,33,19,general:3299; media:179; bots:79; games:10; Casually Casualling:8
243575689180086273,fart in a jar moosey,3210,2022-09-14T19:19:26.908000-05:00,2026-09-27T17:57:58.592000-05:00,"2022,2023,2024,2025,2026",715,238,315.43,0,37,media:1239; general:1017; games:663; Valheim:89; shagwraths-shit:69
351130898416271362,Soul,2909,2018-06-16T13:43:23.851000-05:00,2026-09-27T14:17:23.990000-05:00,"2018,2019,2020,2021,2022,2024,2025,2026",164,44,619.3,0,18,general:1863; media:712; games:135; shagwraths-shit:65; Helldivers II:61
229228872829370378,Headygr,2222,2016-10-26T11:20:42.371000-05:00,2024-11-03T06:23:15.235000-06:00,"2016,2017,2020,2021,2023,2024",110,205,993.96,14,3,general:2157; media:50; Helldivers II:15
387088667002273793,Tilong,2068,2020-03-19T12:48:06.361000-05:00,2026-09-19T00:08:51.215000-05:00,"2020,2021,2022,2023,2024,2025,2026",228,50,196.02,3,19,general:1149; media:299; Casually Casualling:278; games:235; shagwraths-shit:31
180473276194095105,PcBro Stig,1926,2016-10-19T20:11:09.602000-05:00,2024-02-24T10:39:42.417000-06:00,"2016,2017,2018,2019,2020,2021,2022,2023,2024",134,68,314.47,45,8,general:1837; media:89
174253560379342848,s1nc3,1856,2016-10-22T14:48:22.787000-05:00,2026-01-22T07:21:59.664000-06:00,"2016,2020,2021,2022,2023,2024,2025,2026",59,33,1217.36,0,15,general:1654; media:117; Helldivers II:68; games:14; Lethal Company:3
186269678983708672,Yuu,1753,2016-11-13T15:52:47.213000-06:00,2026-07-21T02:03:27.857000-05:00,"2016,2017,2020,2021,2022,2023,2024,2025,2026",266,69,1103.95,0,7,general:1020; media:412; games:132; Helldivers II:106; Voidtrain:11
149704948488077312,SlayerZim,1685,2016-10-19T17:56:17.392000-05:00,2020-02-20T18:53:26.453000-06:00,"2016,2017,2018,2019,2020",5,2,189.23,1,1,bots:1148; general:489; media:48
150127887872163840,Choco,1667,2016-10-19T18:03:57.018000-05:00,2024-02-12T19:52:14.726000-06:00,"2016,2017,2018,2024",91,101,1925.73,1,7,general:1521; media:146
132789170207719424,Amir077,1135,2016-10-21T01:49:37.469000-05:00,2020-06-27T20:05:02.911000-05:00,"2016,2017,2018,2019,2020",103,82,129.29,3,5,general:1100; media:24; bots:11
194865570619850752,Vaalen,993,2017-04-04T19:39:28.363000-05:00,2022-02-24T19:45:24.326000-06:00,"2017,2018,2019,2020,2021,2022",42,6,210.93,0,4,general:974; media:19
131438784079200256,Elle,969,2016-12-09T15:44:15.949000-06:00,2017-05-22T03:33:49.511000-05:00,"2016,2017",39,131,74.65,0,0,general:969
151491389710925824,jonboy4991,962,2016-10-19T19:33:10.050000-05:00,2020-05-22T00:49:21.644000-05:00,"2016,2017,2018,2019,2020",37,18,292.23,13,0,general:948; media:14
226955451739144192,Starr,886,2017-09-23T01:43:23.072000-05:00,2018-09-23T19:04:05.874000-05:00,"2017,2018",140,11,13.91,5,7,general:862; media:24
187263690523934720,KouseiRyu,604,2016-11-15T20:54:40.373000-06:00,2018-10-14T16:30:24.079000-05:00,"2016,2017,2018",25,17,30.74,6,0,general:579; media:25
164107239357939712,Tempa,601,2016-10-19T16:33:46.954000-05:00,2020-10-01T11:05:00.737000-05:00,"2016,2017,2020",1,137,947.88,0,3,general:590; media:11
189799364665802762,Byars,494,2016-10-30T21:13:01.201000-05:00,2026-07-16T19:12:01.754000-05:00,"2016,2017,2020,2021,2022,2023,2024,2025,2026",99,11,1031.75,2,4,Valheim:167; Casually Casualling:131; general:120; Palworld:41; The Isle:13
286242400500711424,BigChungus™,447,2017-02-28T15:08:29.584000-06:00,2025-07-12T06:50:57.248000-05:00,"2017,2018,2020,2023,2024,2025",126,15,1165.77,1,9,general:319; Helldivers II:80; Star Wars Battlefront:24; Valheim:13; games:6
298050386256723978,L i n k a n ツ,439,2024-01-14T17:21:52.380000-06:00,2026-09-25T14:01:49.003000-05:00,"2024,2025,2026",32,24,46.66,0,4,general:228; media:133; games:56; The Long Drive:5; shagwraths-shit:5
158046350792065024,keith,402,2024-01-15T18:14:26.251000-06:00,2025-10-24T21:15:13.305000-05:00,"2024,2025",37,7,144.59,0,3,general:320; Helldivers II:41; Guitar:23; Star Wars Battlefront:13; media:5
95408239331512320,Papa TREeee,342,2017-01-23T21:49:08.708000-06:00,2018-08-20T18:46:19.195000-05:00,"2017,2018",25,2,43.89,12,1,general:311; media:31
266205044922253312,zZenom,308,2017-02-21T09:34:41.775000-06:00,2024-02-13T16:51:37.303000-06:00,"2017,2024",9,2,2472.07,0,1,general:306; media:2
285717541379244034,Vortex,274,2017-03-04T12:55:19.198000-06:00,2026-07-28T22:09:42.190000-05:00,"2017,2018,2019,2023,2024,2025,2026",14,14,1646.55,2,0,general:234; Casually Casualling:17; media:7; servers:5; Minecraft - Oldschool:4
259066723318104075,Pimpo,221,2016-12-15T15:21:44.648000-06:00,2024-12-05T09:46:45.708000-06:00,"2016,2017,2018,2019,2020,2024",4,1,1394.1,0,5,general:217; media:3; games:1
260343029808889859,Lil' Jub,218,2017-02-28T12:01:41.945000-06:00,2017-09-05T16:29:15.582000-05:00,2017,36,6,30.29,3,1,general:185; media:33
309128459441930240,TbdS,181,2018-10-17T12:41:53.518000-05:00,2024-01-12T01:35:28.960000-06:00,"2018,2019,2020,2021,2022,2023,2024",0,10,256.86,0,3,general:181
818832325915443271,Adcent,157,2021-03-09T15:07:06.083000-06:00,2025-12-23T18:57:17.417000-06:00,"2021,2022,2023,2024,2025",8,10,375.86,1,1,general:91; media:66
236162645835644938,Rinsha,144,2016-10-19T19:37:11.115000-05:00,2020-05-04T19:03:08.886000-05:00,"2016,2017,2020",1,6,1204.72,8,1,general:142; media:2
302958181892751361,Noodoh 👉🏻👌🏻,128,2017-04-15T19:21:45.350000-05:00,2018-08-15T16:31:32.341000-05:00,"2017,2018",17,0,266.86,0,2,general:128
480536687198470166,JohnnyEnglish,116,2020-03-14T10:36:42.589000-05:00,2025-10-10T08:37:23.424000-05:00,"2020,2022,2023,2024,2025",4,4,499.06,0,2,general:87; media:17; bots:11; Valheim-BogWitch:1
390753499358691328,BigMike,95,2019-01-24T00:08:59.534000-06:00,2024-11-04T14:09:50.827000-06:00,"2019,2020,2021,2022,2023,2024",1,3,648.95,0,0,general:89; games:4; bots:1; media:1
109760885911773184,Calvin,92,2016-11-10T19:02:55.823000-06:00,2017-03-16T16:57:34.365000-05:00,"2016,2017",1,5,47.88,0,0,general:92
231591523244834817,Pulsee,78,2017-04-27T19:28:34.148000-05:00,2025-02-27T13:24:17.930000-06:00,"2017,2018,2019,2020,2021,2022,2023,2025",28,2,539.36,0,0,general:62; media:16
227487673546178560,Hoven66,74,2019-11-30T20:14:56.209000-06:00,2025-04-18T19:42:21.653000-05:00,"2019,2020,2022,2025",16,1,1126.5,0,5,The Isle:47; general:24; games:3
90531997977415680,KhaliL,67,2016-10-23T13:00:46.974000-05:00,2018-02-07T12:29:53.975000-06:00,"2016,2017,2018",2,2,284.27,0,0,general:66; media:1
241219717296029696,Neutronjump,62,2016-12-09T15:20:33.583000-06:00,2016-12-10T11:46:22.324000-06:00,2016,0,0,0.81,0,0,general:62
271121498297729026,IOS.Amir,60,2017-03-18T08:57:29.427000-05:00,2017-09-20T11:52:39.625000-05:00,2017,17,0,76.65,0,0,general:53; media:7
422572920569724940,HitTheGridddy,58,2018-09-25T00:26:24.500000-05:00,2023-08-12T21:38:16.868000-05:00,"2018,2019,2020,2021,2022,2023",7,1,195.91,0,0,general:48; media:10
249809583093186560,kai,58,2018-11-14T02:12:29.575000-06:00,2020-07-06T17:33:38.290000-05:00,"2018,2019,2020",1,0,156.66,0,0,general:56; bots:2
212744050711855104,Nazeracoo,51,2017-01-04T23:45:51.707000-06:00,2020-12-21T05:04:01.003000-06:00,"2017,2018,2019,2020",7,2,702.29,0,1,general:44; media:7
219610641718181891,BowTieMan,50,2017-03-26T04:32:42.353000-05:00,2017-10-06T23:50:36.865000-05:00,2017,6,6,74.17,0,2,general:49; media:1
240683812743413760,Michael,46,2016-10-26T17:34:25.900000-05:00,2017-06-28T03:09:27.155000-05:00,"2016,2017",6,0,69.74,0,1,general:40; media:6
242843164896002068,Sloane,42,2017-09-21T14:43:00.668000-05:00,2018-09-03T22:08:33.985000-05:00,"2017,2018",2,0,74.34,0,0,general:39; media:3
259085013247590401,Cumminsisx,36,2017-12-28T18:00:41.627000-06:00,2025-04-19T01:27:41.296000-05:00,"2017,2018,2019,2020,2024,2025",0,1,1395.08,0,1,general:33; media:2; bots:1
1053389628650033242,deth_by_snu_snu,34,2023-09-29T21:18:04.751000-05:00,2024-06-27T07:37:56.440000-05:00,"2023,2024",6,0,194.68,0,0,general:33; games:1
228220160501219329,Faredge,33,2017-04-16T15:06:21.696000-05:00,2020-06-24T19:31:24.783000-05:00,"2017,2020",0,0,983.65,0,0,media:20; general:13
1052618289479700490,My Lord,33,2023-01-02T07:49:01.266000-06:00,2026-09-11T12:48:16.089000-05:00,"2023,2026",3,7,826.12,0,0,shagwraths-shit:13; general:11; media:4; Casually Casualling:3; games:1
206301034090332163,Don,32,2022-03-22T21:15:26.738000-05:00,2024-07-07T18:10:48.536000-05:00,"2022,2024",4,0,665.29,0,2,general:32
127405472096452608,Democullous,31,2023-03-21T22:11:03.777000-05:00,2025-03-24T17:27:50.151000-05:00,"2023,2025",0,0,718.05,0,1,The Isle:18; general:7; Casually Casualling:6
304730242377842688,NWORD,26,2017-04-24T18:34:29.567000-05:00,2017-04-28T21:50:46.366000-05:00,2017,0,0,3.71,0,0,general:26
230140462873313280,Kingb,26,2018-02-22T18:50:09.284000-06:00,2018-05-21T01:39:02.568000-05:00,2018,5,0,80.57,0,0,general:26
187554157144702977,Shaka,26,2018-06-09T01:11:58.115000-05:00,2018-09-23T18:50:56.773000-05:00,2018,4,0,18.22,0,0,general:20; media:6
240124937849929738,Chris,25,2017-03-27T12:56:14.789000-05:00,2017-04-01T19:44:40.113000-05:00,2017,0,1,1.77,0,0,general:25
132789246455971840,Naf,24,2017-02-25T12:12:47.299000-06:00,2017-03-30T10:11:22.429000-05:00,2017,0,0,20.34,0,0,general:24
142135990553804800,Leafinthebreeze,23,2018-06-03T05:29:19.921000-05:00,2018-09-20T21:01:41.040000-05:00,2018,6,0,59.46,0,0,general:22; media:1
227784940937412608,hellamello,21,2024-04-06T17:21:56.494000-05:00,2025-05-31T16:51:58.998000-05:00,"2024,2025",1,0,223.98,0,3,general:19; media:2
191865457056284672,Blade,19,2023-12-11T06:42:46.171000-06:00,2024-11-30T14:22:35.409000-06:00,"2023,2024",0,0,187.42,0,0,general:16; games:2; Casually Casualling:1
293414616183209985,GOA,18,2017-05-23T18:37:38.495000-05:00,2017-07-19T12:23:35.292000-05:00,2017,0,0,45.12,0,0,general:18
249957677810057216,Kiu,18,2018-02-06T19:11:32.866000-06:00,2018-02-06T20:06:19.798000-06:00,2018,0,0,0.04,0,0,general:18
907764373936824371,Vaalen,18,2022-07-23T12:16:18.338000-05:00,2023-10-28T21:41:02.855000-05:00,"2022,2023",2,0,176.13,0,0,general:18
229655747833757697,Nohr,16,2016-10-20T08:59:50.723000-05:00,2019-08-21T10:14:51.828000-05:00,"2016,2017,2019",0,0,887.05,0,0,general:16
602623488808845453,stev,16,2020-03-19T18:24:05.367000-05:00,2022-05-04T11:10:06.778000-05:00,"2020,2022",0,0,720.39,0,0,general:16
269654701778141187,Spook,16,2024-06-01T23:12:34.480000-05:00,2026-09-01T20:32:59.727000-05:00,"2024,2026",2,2,817.67,0,0,[LoL] League of Legos:7; media:7; Casually Casualling:2
276026302685773824,Shagwrath_Work,15,2017-02-07T14:20:53.227000-06:00,2017-03-01T14:03:11.313000-06:00,2017,1,0,16.91,2,0,general:15
283668994022440961,LittleRabbit,15,2017-02-21T12:41:13.650000-06:00,2017-02-28T09:50:21.297000-06:00,2017,0,0,3.67,0,0,general:15
302952699605811200,Dazz,15,2017-04-15T18:46:26.879000-05:00,2017-04-15T18:51:39.885000-05:00,2017,0,0,0.0,0,0,general:15
94972701461983232,Imahealing,15,2017-08-02T04:23:12.962000-05:00,2018-03-14T12:25:54.960000-05:00,"2017,2018",1,0,176.33,1,0,general:13; media:2
214620861490003968,drone,15,2022-04-30T21:39:58.594000-05:00,2025-09-24T18:52:52.763000-05:00,"2022,2023,2025",0,0,838.12,0,0,general:11; media:4
237264894519541760,Weppo,15,2024-04-11T02:28:05.177000-05:00,2025-01-20T13:30:00.491000-06:00,"2024,2025",1,3,105.07,0,0,general:13; Casually Casualling:1; media:1
667204374879010836,PurpKush,14,2021-12-24T01:33:06.304000-06:00,2025-04-19T15:49:40.626000-05:00,"2021,2022,2023,2024,2025",0,1,655.39,0,0,general:13; Casually Casualling:1
268483466985734144,OOPS,14,2023-10-06T20:17:33.388000-05:00,2023-10-07T14:51:23.629000-05:00,2023,0,0,0.57,0,0,general:14
598254152505884693,𝓐𝓝𝓐𝓚𝓘𝓝,13,2023-10-28T15:26:46.932000-05:00,2024-02-17T15:08:55.467000-06:00,"2023,2024",1,0,54.9,0,0,Palworld:6; Skull and Bones:5; general:2
280534283511136256,danizzel,12,2017-02-12T21:22:18.140000-06:00,2018-11-01T19:20:09.196000-05:00,"2017,2018",1,0,512.04,0,0,general:12
280109265488969728,BeanJimin,12,2017-02-21T16:06:09.058000-06:00,2017-10-06T23:29:23.626000-05:00,2017,0,0,184.92,0,0,general:12
219239598306492416,AngelisDeath,12,2017-02-25T19:29:46.767000-06:00,2018-12-20T16:15:17.776000-06:00,"2017,2018",6,0,631.01,0,0,general:12
158044069119918080,jaryndis,12,2017-05-10T02:02:46.127000-05:00,2018-10-22T08:36:40.504000-05:00,"2017,2018",5,2,362.97,0,0,general:11; media:1
246733952461570059,Ophir,11,2016-11-11T14:37:24.913000-06:00,2016-11-11T14:50:12.565000-06:00,2016,0,0,0.0,0,0,general:11
246735633869963265,sapir,11,2016-11-11T14:40:38.363000-06:00,2016-11-11T14:48:44.793000-06:00,2016,0,0,0.0,0,0,general:11
501045994868441088,CK,11,2018-12-27T18:24:02.048000-06:00,2019-03-23T05:13:30.511000-05:00,"2018,2019",0,0,34.75,0,0,general:11
402997706857119754,Hyperr,11,2020-03-05T11:36:00.650000-06:00,2020-04-24T12:26:04.227000-05:00,2020,0,1,30.2,0,0,general:11
109886197442056192,Donuts Duncan,10,2017-06-11T04:23:15.872000-05:00,2018-02-21T14:35:46.035000-06:00,"2017,2018",0,0,139.34,0,0,general:10
247967073643266049,ACE,10,2018-02-27T02:59:08.080000-06:00,2018-02-27T02:59:36.184000-06:00,2018,0,0,0.0,0,0,general:10
378427907309174785,KittyRawr,10,2019-04-03T21:57:17.708000-05:00,2019-08-22T01:12:48.184000-05:00,2019,0,0,83.17,0,0,general:10
316259660497682432,Kush42092,10,2020-03-31T19:31:28.575000-05:00,2020-10-30T10:25:26.227000-05:00,2020,3,0,114.29,0,0,general:10
439738893206683648,Arsen,10,2020-11-10T22:22:38.809000-06:00,2023-09-13T21:15:13.891000-05:00,"2020,2023",0,0,934.05,0,0,general:10
197506034493816832,Phrank,10,2023-11-24T18:17:29.920000-06:00,2023-11-24T19:01:57.062000-06:00,2023,0,0,0.02,0,0,general:10
266092181838626816,EmperorLiftsBack,9,2017-05-24T14:02:49.404000-05:00,2018-05-21T03:51:56.709000-05:00,"2017,2018",4,1,292.2,0,0,general:9
211341496564056074,Ares Lodin,9,2018-08-12T03:41:10.686000-05:00,2018-11-07T17:45:36.603000-06:00,2018,1,0,56.92,0,0,general:9
252770325425553408,Groove,9,2020-03-08T20:48:20.522000-05:00,2020-04-24T12:23:34.066000-05:00,2020,0,0,40.09,0,0,general:8; media:1
145048779551145984,senor trojan1,8,2017-03-21T22:36:27.982000-05:00,2017-03-21T22:43:04.649000-05:00,2017,0,0,0.0,1,0,general:8
187388623342141440,Blackjezus,8,2017-07-16T19:59:47.566000-05:00,2017-10-29T04:39:43.227000-05:00,2017,0,0,59.25,0,0,general:8
307021809499373570,Snakeman2,8,2018-06-03T19:15:20.218000-05:00,2018-09-22T23:07:49.267000-05:00,2018,0,0,82.79,0,0,general:7; media:1
488548014194163722,Rain,8,2021-12-18T23:42:24.044000-06:00,2024-02-04T01:04:38.091000-06:00,"2021,2024",8,0,753.8,0,0,media:6; general:2
208379619336781836,Dynasty,7,2016-11-22T04:15:36.229000-06:00,2017-05-25T15:21:24.030000-05:00,"2016,2017",0,0,92.2,0,0,general:7
259448524293275648,Kise,7,2016-12-16T16:40:51.347000-06:00,2017-06-03T18:40:26.384000-05:00,"2016,2017",0,70,169.03,0,0,general:7
182337626760544266,Yard,7,2017-07-07T16:12:51.112000-05:00,2017-10-26T14:48:41.587000-05:00,2017,0,0,79.21,0,0,general:7
334462322720374785,ᵉˡˡʸ,7,2017-09-11T05:02:57.950000-05:00,2017-12-10T17:22:06.874000-06:00,2017,0,0,55.81,0,0,general:7
326873880255922178,kvin,7,2018-09-08T18:59:43.009000-05:00,2019-05-22T14:42:04.835000-05:00,"2018,2019",0,0,211.8,0,0,general:7
222377163670814720,LostBear,6,2016-11-11T14:52:36.472000-06:00,2016-11-11T14:55:19.662000-06:00,2016,0,0,0.0,0,0,general:6
262314263593353216,thesickchief,6,2017-09-26T02:23:53.302000-05:00,2018-02-20T12:48:58.450000-06:00,"2017,2018",0,0,147.46,1,0,general:6
375529722689486850,superposition5,6,2017-11-03T23:10:49.141000-05:00,2017-11-12T22:55:24.380000-06:00,2017,0,0,6.97,0,0,general:6
397857717059846144,canny,6,2018-12-15T18:22:57.548000-06:00,2019-08-18T22:02:22.183000-05:00,"2018,2019",0,0,147.69,0,0,general:6
599734309137678376,TripleX,6,2020-03-22T09:16:24.986000-05:00,2020-04-24T16:58:43.840000-05:00,2020,0,0,26.19,0,0,general:5; media:1
565667118855487504,pker74,6,2020-12-09T22:01:12.822000-06:00,2021-02-03T09:14:54.046000-06:00,"2020,2021",0,0,33.71,0,0,general:6
196741881047023616,KΣVYП (Khaz),6,2021-05-16T01:00:14.316000-05:00,2022-02-06T12:53:35.323000-06:00,"2021,2022",1,0,179.71,0,0,general:6
130909634310569985,KillerBee,5,2016-10-20T20:56:21.213000-05:00,2016-10-20T21:01:04.464000-05:00,2016,0,0,0.0,0,0,general:5
131489028083023872,Bl4zin12,5,2016-12-26T15:25:49.362000-06:00,2017-02-22T17:56:44.762000-06:00,"2016,2017",0,0,58.08,0,0,general:5
244306808221597696,Troy,5,2017-02-26T16:38:53.036000-06:00,2018-01-07T00:12:20.126000-06:00,"2017,2018",0,0,294.19,0,0,general:5
266180255880839170,BlockerKen™,5,2017-03-25T14:45:25.736000-05:00,2017-04-02T12:09:43.245000-05:00,2017,0,0,2.33,0,0,general:5
207924546165145601,Ficohaker,5,2017-04-01T16:57:01.390000-05:00,2024-03-23T02:14:23.816000-05:00,"2017,2024",0,0,2534.49,0,0,general:5
112992539480424448,Durka,5,2017-09-16T18:58:05.389000-05:00,2017-11-20T17:15:46.714000-06:00,2017,1,0,50.17,0,0,general:4; media:1
205618991123660800,Skitzo,5,2017-12-07T04:30:25.249000-06:00,2018-01-02T17:58:57.065000-06:00,"2017,2018",3,0,15.35,0,0,general:5
150767664657203200,Sig,5,2019-04-01T04:31:35.186000-05:00,2019-08-22T03:54:58.882000-05:00,2019,0,0,142.96,0,0,general:5
329014533261623297,Chander,5,2020-04-01T23:46:37.354000-05:00,2023-06-09T02:27:54.822000-05:00,"2020,2021,2023",2,0,530.32,0,0,general:4; media:1
263978644139933697,Magic,4,2017-02-21T17:46:13.856000-06:00,2017-02-21T17:55:57.154000-06:00,2017,0,0,0.0,0,0,general:4
235937718226386945,Lacunae,4,2017-03-20T02:47:14.817000-05:00,2017-09-30T01:15:43.167000-05:00,2017,0,0,193.16,0,0,general:4
175723210279485440,Hopnasty,4,2017-04-11T01:33:28.069000-05:00,2017-09-21T12:02:22.404000-05:00,2017,0,0,142.07,0,0,general:4
301730684299640842,Kaliberr,4,2017-04-12T09:52:34.659000-05:00,2017-04-12T09:52:56.419000-05:00,2017,0,0,0.0,0,0,general:4
91985741210464256,Soup#1758,4,2017-07-15T20:37:10.504000-05:00,2017-08-13T03:27:06.078000-05:00,2017,0,0,28.28,0,0,general:4
243185998828142592,GoofyGooberYa,4,2019-05-16T19:31:18.844000-05:00,2019-05-16T19:31:31.202000-05:00,2019,0,0,0.0,0,0,general:4
411421364273020929,Lightning,4,2020-02-19T23:20:35.091000-06:00,2022-12-29T01:15:32.742000-06:00,"2020,2022",0,1,1025.89,0,0,media:3; general:1
582619389166092319,TechNickal,4,2023-11-21T18:52:37.732000-06:00,2023-11-23T12:23:32.694000-06:00,2023,0,0,1.73,0,0,general:4
142003602645319680,FreelancerGaz,3,2016-11-01T17:50:13.302000-05:00,2017-05-17T01:46:46.920000-05:00,"2016,2017",0,0,142.2,0,0,general:3
145788743616430080,トレ,3,2016-12-24T17:07:34.254000-06:00,2016-12-29T15:16:31.788000-06:00,2016,0,0,4.92,0,1,general:3
254475057324228608,DR,3,2017-02-12T14:53:25.717000-06:00,2017-06-09T23:17:48.914000-05:00,2017,0,0,82.42,0,0,general:3
189804136349302784,2 meter peter,3,2017-04-07T12:14:57.063000-05:00,2017-04-07T12:15:10.884000-05:00,2017,0,0,0.0,0,0,general:3
210957855715622912,Blackheartless,3,2017-05-27T23:58:33.984000-05:00,2017-06-02T23:43:58.786000-05:00,2017,0,0,3.03,0,0,general:3
395068015898656768,IREFAIL,3,2018-01-14T01:55:59.759000-06:00,2018-01-28T03:53:05.802000-06:00,2018,0,0,13.41,0,0,general:3
227988828269445121,☆Astarael☆,3,2018-03-18T18:45:59.089000-05:00,2018-04-26T05:03:49.669000-05:00,2018,1,0,38.42,0,0,media:3
174634071006248960,Fnabbe,3,2018-03-30T04:38:15.290000-05:00,2018-06-06T05:36:12.783000-05:00,2018,0,0,68.04,0,0,general:3
142292177911939072,Lv100 Raichu,3,2018-05-05T02:01:19.285000-05:00,2018-10-26T21:29:45.429000-05:00,2018,1,0,174.81,0,0,general:3
107047319110713344,ArMaTeC,3,2018-07-04T12:05:28.961000-05:00,2019-03-17T12:25:46.972000-05:00,"2018,2019",0,0,201.2,0,0,general:3
252434851209150464,Element,3,2018-12-30T02:28:26.503000-06:00,2019-01-10T00:27:40.492000-06:00,"2018,2019",0,0,8.85,0,0,general:3
132172967294533633,Fatmonkey,3,2019-02-10T15:21:00.710000-06:00,2019-02-10T15:23:40.752000-06:00,2019,0,0,0.0,0,0,general:3
342902424786436107,̿ ̿ ̿ ̿'\̿\PEEK/̿/'̿ ̿ ̿ ̿,3,2020-03-25T18:49:08.226000-05:00,2020-05-25T15:48:54.400000-05:00,2020,1,0,40.93,0,0,general:3
748395298442969208,HerijLol,3,2021-09-04T12:59:50.078000-05:00,2021-09-05T22:45:58.729000-05:00,2021,0,0,1.41,0,0,general:3
335955557922111488,RESONANT,3,2023-02-11T19:07:58.880000-06:00,2023-02-11T19:09:47.599000-06:00,2023,0,0,0.0,0,0,general:3
138425831780253696,mughzi.,3,2023-11-08T07:17:49.161000-06:00,2025-01-12T15:56:13.164000-06:00,"2023,2025",0,0,431.36,0,0,general:3
214153982241669123,TheCanadianMage,3,2023-12-04T20:07:05.987000-06:00,2023-12-07T22:17:46.524000-06:00,2023,0,0,3.09,0,0,general:3
1192444050175971370,Mayhem,3,2024-04-13T01:26:26.105000-05:00,2024-04-13T02:03:01.485000-05:00,2024,0,0,0.03,0,0,general:3
171972481169620992,Kozmokramer,3,2025-04-13T18:03:38.153000-05:00,2025-06-04T14:32:14.967000-05:00,2025,0,0,51.47,0,0,Avorion:2; general:1
182283855959556096,Garrett 🧼✦ . 　⁺,2,2017-02-22T22:06:29.298000-06:00,2017-03-02T23:49:35.368000-06:00,2017,0,0,8.07,0,0,general:2
236930405402411009,Challazzz,2,2017-04-03T14:53:06.303000-05:00,2017-04-03T14:53:09.862000-05:00,2017,0,0,0.0,0,0,general:2
303709691589165058,peterm103189,2,2017-05-01T01:28:09.829000-05:00,2017-05-01T01:28:38.739000-05:00,2017,0,0,0.0,0,0,general:2
171043214554431488,Teddys,2,2017-06-21T13:52:18.358000-05:00,2017-06-21T13:52:31.697000-05:00,2017,0,0,0.0,0,0,general:2
157329323869601793,Crimson,2,2017-07-03T19:47:55.700000-05:00,2017-07-03T19:48:18.823000-05:00,2017,0,0,0.0,0,0,general:2
145679423411060737,HyphyKing21,2,2017-08-04T23:17:08.646000-05:00,2017-08-04T23:22:12.471000-05:00,2017,0,0,0.0,0,0,general:2
362860290116681728,whale,2,2017-09-29T17:16:24.594000-05:00,2017-09-29T17:23:52.801000-05:00,2017,0,0,0.01,0,0,general:2
138286302050123776,Heretic,2,2018-08-12T04:02:17.302000-05:00,2018-08-31T00:53:24.104000-05:00,2018,1,0,18.87,0,0,media:1; general:1
439581386597335050,JalapeeniesHungry,2,2018-08-29T15:53:11.893000-05:00,2018-08-29T15:54:44.941000-05:00,2018,0,0,0.0,0,0,general:2
144272021449080832,Kiapo,2,2018-09-18T02:47:18.729000-05:00,2018-09-18T02:47:22.351000-05:00,2018,0,0,0.0,0,0,general:2
339962692930502656,Snakeman34,2,2018-09-21T23:44:23.229000-05:00,2018-09-21T23:50:48.269000-05:00,2018,0,0,0.0,0,0,general:2
480631840877576192,tinyfontmemes,2,2019-08-09T01:41:31.104000-05:00,2019-09-01T16:26:20.285000-05:00,2019,0,0,23.61,0,0,general:1; media:1
125845076097236992,Ducky,2,2020-06-11T18:28:37.163000-05:00,2020-06-14T17:26:23.278000-05:00,2020,0,0,2.96,0,1,general:2
216180187119878144,Nushrek,2,2023-11-01T17:11:42.604000-05:00,2023-11-01T17:13:18.242000-05:00,2023,0,0,0.0,0,0,general:2
335707934308958210,Frosty Daug,2,2023-11-06T12:47:09.992000-06:00,2023-11-09T12:24:37.711000-06:00,2023,0,0,2.98,0,0,general:2
214094312147910659,JetSetGreg,2,2023-12-04T19:49:23.656000-06:00,2023-12-04T19:52:59.261000-06:00,2023,0,0,0.0,0,0,general:2
1033020453742198796,Linnea,2,2024-06-29T17:55:16.786000-05:00,2024-06-29T17:55:18.989000-05:00,2024,0,0,0.0,0,0,general:2
109523919202963456,2spooky,2,2025-01-03T16:40:16.062000-06:00,2025-01-03T18:19:24.491000-06:00,2025,0,0,0.07,0,0,games:2
262355713739849743,jacobaee,1,2016-12-24T17:09:37.197000-06:00,2016-12-24T17:09:37.197000-06:00,2016,0,0,0.0,0,0,general:1
232376358817234944,vari,1,2016-12-24T17:10:34.875000-06:00,2016-12-24T17:10:34.875000-06:00,2016,0,0,0.0,0,0,general:1
271359377305239553,marduxs,1,2017-05-16T14:51:31.577000-05:00,2017-05-16T14:51:31.577000-05:00,2017,0,0,0.0,0,0,general:1
235939619378692107,Shymortis [Sarah 🐉],1,2017-10-05T22:11:42.926000-05:00,2017-10-05T22:11:42.926000-05:00,2017,0,0,0.0,0,0,general:1
204673536466354186,White Moose,1,2017-10-23T02:11:42.285000-05:00,2017-10-23T02:11:42.285000-05:00,2017,1,0,0.0,0,0,general:1
230174733700694016,tweakurr,1,2017-11-05T19:20:46.738000-06:00,2017-11-05T19:20:46.738000-06:00,2017,0,0,0.0,0,0,general:1
184423786970480640,TLDR,1,2017-11-17T23:54:11.839000-06:00,2017-11-17T23:54:11.839000-06:00,2017,0,0,0.0,0,0,general:1
325555705748783114,HiddenPants,1,2018-03-15T04:50:51.811000-05:00,2018-03-15T04:50:51.811000-05:00,2018,0,0,0.0,0,0,general:1
195028043251580928,NoxyToro,1,2018-06-15T23:20:14.318000-05:00,2018-06-15T23:20:14.318000-05:00,2018,1,0,0.0,0,0,general:1
274984087637327875,MrStache,1,2018-07-27T12:26:39.996000-05:00,2018-07-27T12:26:39.996000-05:00,2018,0,0,0.0,0,0,general:1
146000793835798528,HyrexFPS,1,2018-08-16T20:22:11.289000-05:00,2018-08-16T20:22:11.289000-05:00,2018,0,0,0.0,0,0,general:1
100304639420805120,Stevie Blunder,1,2018-09-20T01:07:15.115000-05:00,2018-09-20T01:07:15.115000-05:00,2018,0,0,0.0,0,0,general:1
92089547722084352,Pkerzach,1,2018-09-22T02:09:54.512000-05:00,2018-09-22T02:09:54.512000-05:00,2018,0,0,0.0,0,0,general:1
404349495607033856,Thomas Kaiser,1,2018-11-21T17:51:56.302000-06:00,2018-11-21T17:51:56.302000-06:00,2018,0,0,0.0,0,0,general:1
247304178764873730,POTATOFUCk,1,2018-12-28T09:17:49.945000-06:00,2018-12-28T09:17:49.945000-06:00,2018,0,0,0.0,0,0,general:1
140372717932118016,Song,1,2019-02-07T17:35:10.050000-06:00,2019-02-07T17:35:10.050000-06:00,2019,0,0,0.0,0,0,general:1
414318202407878656,RoadDogg,1,2020-03-07T01:01:31.467000-06:00,2020-03-07T01:01:31.467000-06:00,2020,0,0,0.0,0,0,general:1
280391903047057410,Buckyy,1,2020-03-29T19:03:24.257000-05:00,2020-03-29T19:03:24.257000-05:00,2020,0,0,0.0,0,0,general:1
349051006321033216,DRZL,1,2020-04-03T23:10:39.613000-05:00,2020-04-03T23:10:39.613000-05:00,2020,0,0,0.0,0,0,general:1
106815130402058240,William,1,2020-06-13T18:48:11.280000-05:00,2020-06-13T18:48:11.280000-05:00,2020,0,0,0.0,0,0,general:1
625149653981069313,Mistik,1,2020-10-24T02:18:54.150000-05:00,2020-10-24T02:18:54.150000-05:00,2020,0,0,0.0,0,0,general:1
521164975226748941,stevied123,1,2020-12-22T20:17:24.239000-06:00,2020-12-22T20:17:24.239000-06:00,2020,0,0,0.0,0,0,general:1
378061756649570315,Myah,1,2021-04-01T23:05:21.811000-05:00,2021-04-01T23:05:21.811000-05:00,2021,1,0,0.0,0,0,media:1
454510519840276481,ChaosTheory,1,2022-12-22T19:55:37.154000-06:00,2022-12-22T19:55:37.154000-06:00,2022,0,0,0.0,0,0,general:1
270014082705260545,noriflake,1,2023-09-13T21:53:39.333000-05:00,2023-09-13T21:53:39.333000-05:00,2023,0,0,0.0,0,0,general:1
571385907475775488,teschgames,1,2023-10-16T19:20:58.973000-05:00,2023-10-16T19:20:58.973000-05:00,2023,0,0,0.0,0,0,general:1
515332515808935936,Geomox,1,2024-02-12T20:00:40.260000-06:00,2024-02-12T20:00:40.260000-06:00,2024,0,0,0.0,0,0,Palworld:1
252438507245535232,Omar,1,2024-11-10T07:05:19.726000-06:00,2024-11-10T07:05:19.726000-06:00,2024,0,0,0.0,0,0,general:1
387480554662264836,Vøid Horrør,1,2025-01-28T21:47:20.249000-06:00,2025-01-28T21:47:20.249000-06:00,2025,0,0,0.0,0,0,Valheim:1
284653259518509056,.getaway,1,2025-04-05T09:08:03.695000-05:00,2025-04-05T09:08:03.695000-05:00,2025,0,0,0.0,0,0,games:1
