code,date,timestamp,title,channel,author,message_id,excerpt,note
001,2016-10-19,2016-10-19T16:33:46.954000-05:00,The surviving Discord record begins,general,Tempa,238414418743001088,Harro,Tempa's one-word greeting is the first surviving human message.
002,2016-10-20,2016-10-20T16:58:18.920000-05:00,A Progeny Overwatch team is already being discussed,media,Shagwrath,238782980481482753,That needs to be his picture for the progeny Overwatch team,Shows that PGN arrived on Discord with an existing group identity and an active Overwatch phase.
003,2016-11-01,2016-11-01T22:48:34.899000-05:00,The old MTA identity becomes a recurring joke,general,Shagwrath,243219782273466368,"Hello. My name is Shagwrath, and I play MTA.",The line immediately mutates into a recurring PGN phrase.
004,2016-12-15,2016-12-15T17:10:54.390000-06:00,MTA and Minecraft are already being described as dead,general,Shagwrath,259094969120194560,Probably my new fav cause MTA and Minecraft are dead,Important because both later return repeatedly.
005,2016-12-25,2016-12-25T15:54:18.238000-06:00,The Christmas friendship statement,general,PcBro Stig,262699570117476352,"@everyone Merry Christmas guys! I hope you can bare the endless assualt of your needy family members, Remember that Stig is here for you. You're all the absolute best friends a guy can ask for. Nobody is better at being friends than you guys. 10/10 best Ove...",One of the earliest explicit statements that the group matters beyond the games.
006,2017-01-18,2017-01-18T02:23:40.829000-06:00,ARK server era begins,general,Shagwrath,271192878812758026,@Amir077 does SGN have an ARK server?,"The archive immediately shifts into server admin, updates and long play sessions."
007,2017-04-01,2017-04-01T23:25:29.555000-05:00,The April Fools fake dissolution,general,Shagwrath,297949638919585793,"I really think that I need to move on with the clan and my life, and for that reason I think we should close the clan and dissolve",Posted on April 1 and immediately treated as a joke.
009,2017-04-25,2017-04-25T14:54:06.370000-05:00,FiveM enters PGN's orbit,general,Headygr,306518253088538625,https://fivem.net/,An early bridge from MTA instincts toward GTA V multiplayer modification.
008,2017-05-01,2017-05-01T16:13:45.870000-05:00,PUBG becomes a recurring group summons,general,Lil' Jub,308712626958106625,Anyone up for pubg 2nite? Stevens gf not here !! :) @everyone,One of the clearest 2017 shared-game periods.
010,2017-05-12,2017-05-12T11:13:27.088000-05:00,A real leadership/participation break happens,general,Shagwrath,312623317230026752,"@everyone Sorry guys, it was fun but I'm moving on, sorry to all the people I disappointed, but this is exhausting and I'm getting too old for drama","Unlike the April 1 post, the surrounding conversation treats this as a real departure/retirement."
014,2017-07-07,2017-07-07T11:39:23.435000-05:00,PGN asks for a new logo,general,Shagwrath,332923565496205312,@everyone anyone wanna design a new logo for progeny? i have to remake the server icon cause im an idiot so nows a good oppertunity if anyone had any ideas,Evidence that formal clan branding still mattered.
011,2017-07-17,2017-07-17T14:29:15.522000-05:00,Factorio becomes a shared server game,general,Lil' Jub,336590192863477761,@everyone who wanna ply factorio,A concentrated July burst of cooperative play.
012,2017-07-19,2017-07-19T01:27:44.683000-05:00,Fortnite is introduced before Battle Royale dominates gaming,general,SlayerZim,337118294160965633,anyone heard of a game called fortnite?,The archive catches Fortnite before its battle-royale mode became the cultural phenomenon.
013,2017-07-26,2017-07-26T00:06:44.843000-05:00,Safe Cracker is already being rebuilt in Unity,general,Shagwrath,339634625574076416,"im making the safe cracker game over in unity, its almost done, anything is hould do to it this time to actuallym ake it fun? like randomizing letters or multiplayer competitive or a cool theme like retro 80's bullshit?",First clear Discord-era appearance of a project that keeps reincarnating for nine years.
015,2017-12-13,2017-12-13T14:54:05.195000-06:00,ClanHopperWrath asks to come home,general,Shagwrath,390607332473700383,can i come back to the clan? whose ass do i gotta lick,The return follows a stint in another clan and becomes its own joke.
016,2018-01-12,2018-01-12T20:39:00.558000-06:00,Dargeath is rediscovered through its old forum page,general,Steven,401565771085381632,http://www.minecraftforum.net/forums/servers-java-edition/pc-servers/667802-dargeath-rpg-knights-vs-vikings-adventure-levels,The lost Minecraft RPG world re-enters the record.
017,2018-03-14,2018-03-14T12:24:55.726000-05:00,Crossout recruitment begins,general,Shagwrath,423531991955275786,"@everyone get crossout awesome vehicle combat game, free. me and amir need players",A sustained recruitment wave follows.
018,2018-04-04,2018-04-04T12:19:17.132000-05:00,PGN tries another GTA V multiplayer server,general,Shagwrath,431140716966707200,"anyone interested in a gtav multiplayer mod? gt-mp, it's like fivem if anyone is farmiliar with that mod, or morel iek MTA or SAMP, starting a server with some old friends",Explicitly described as MTA/SAMP-like.
019,2018-05-05,2018-05-05T10:20:55.609000-05:00,Helvete becomes a memory worth tattooing,general,Shagwrath,442344954853982220,"I'm certain, the next tattoo i'm going to get will be for Helvete. This is gonna come out super fucking corney but I don't care, I wan't to have something that every time I see it, I remember all the fun times we had on MTA, and the friends we had, etc.",A direct statement that the old MTA era and friendships had become personal history.
020,2018-05-06,2018-05-06T18:04:28.237000-05:00,A 7 Days to Die server goes up,general,Shagwrath,442823997336584192,got a 7 days to die server if anyoens interested,The server quickly leads to talk of custom scripting.
021,2018-05-21,2018-05-21T10:40:34.052000-05:00,PGN considers scripting the 7DTD server,general,Shagwrath,448148103451639808,@SlayerZim @Starr @Deleted User what do you guys think about me modding the 7 days to die server so we can have custom scripts? https://github.com/djkrose/7DTD-ScriptingMod i found something that i could use. i don;t have any specific ideas what i would do ...,Shows the persistent urge to modify rather than merely host.
022,2018-07-03,2018-07-03T22:46:24.968000-05:00,Dargeath backups are believed lost,media,Shagwrath,463913447453622283,"i looked for the backups of the server, i believe i lost them in the crash, so rip Dargeath",The project becomes a lost world rather than simply an inactive server.
023,2018-11-18,2018-11-18T14:28:34.227000-06:00,A broad nostalgia project call is issued,general,Shagwrath,513812785432494082,"@everyone so i'm feeling nostalgic, missing our mta, and minecraft servers and the like, i'm itching for something to do. i want to start working on something like a server for us to play on or a game for us to fuck around on. does anyone have any ideas, li...",An unusually explicit statement of the desire to build something together again.
024,2019-01-10,2019-01-10T12:46:56.765000-06:00,Helvete rebrand is floated,general,Shagwrath,532993767700037643,we should just rebrand the clan to Helvete,Old names remain available as identity reservoirs.
025,2019-03-19,2019-03-19T13:55:05.742000-05:00,A GTA V server is under construction,general,Shagwrath,557638193478893589,@Pimpo we making a gtav server 😛,Another return to the custom-server instinct.
026,2019-06-11,2019-06-11T00:25:02.571000-05:00,Discord itself is reorganized,news,Shagwrath,587874917714886657,"We've made some changes to the server, added some channels and removed others and everything has be reorganized for ease of use",The clan house is maintained even during a quieter game year.
027,2019-06-11,2019-06-11T00:31:29.483000-05:00,Taco Shack arrives,news,Shagwrath,587876540541566976,"Added a new game, taco shack #bots commands are in the channel!",Bot commands then dominate a large slice of 2019 traffic.
028,2019-12-15,2019-12-15T22:22:06.921000-06:00,A Red Dead server is proposed,general,Shagwrath,655988000223657984,We make red dead redemption server? :3,Even a disappointing game can trigger the hosting reflex.
029,2020-02-23,2020-02-23T11:09:39.645000-06:00,MTA is already called a major throwback,general,s1nc3,681185922074935337,"Its crazy that the last 3-4 years feel like an eternity, it wasnt that long ago but mta feels like a major tbt 😁","The old game is still playable, but psychologically has become history."
030,2020-02-25,2020-02-25T02:16:10.184000-06:00,Helvete revival on SAES,general,Soul,681776440395825175,ill be active on saes only for helvete,Nostalgia becomes active play again.
031,2020-03-27,2020-03-27T18:24:09.400000-05:00,The quarry-worker script is finished,general,Shagwrath,693238966622748692,https://saesrpg.uk/topic/16672/job-quarry-worker/5 finished script,Part of a burst of SAES scripting suggestions and experiments.
032,2020-04-12,2020-04-12T12:57:09.464000-05:00,Hogwarts RP is proposed in MTA,general,Shagwrath,698954880496173097,Thinking of making an mta server. Hogwarts RP like that gmod server we all played on. Debating still.,A serious custom server experiment follows.
033,2020-08-29,2020-08-29T02:57:04.369000-05:00,The Unity pivot is stated explicitly,general,Shagwrath,749175777500725298,this is why i'm just gonna make games in unity now,A clean transition point from mod-specific work toward standalone development.
034,2020-08-29,2020-08-29T02:57:15.197000-05:00,A game company/community is announced,news,Shagwrath,749175822916517949,"@here Hello everyone! You may or may not know I've been working on a game for a few years off and on, well I made a video game company, and we're starting up a community to help the game, and the universe it takes place in grow and can be perfected. If you'...",The development ambition becomes organizational.
035,2020-08-29,2020-08-29T17:47:00.308000-05:00,MTA is reframed as the place scripting began,general,Shagwrath,749399736301125707,"if it werent for mta i wouldnt have learned to script so it had its place, time to move on, for real",One of the key bridge statements in the whole archive.
036,2020-12-20,2020-12-20T14:09:52.971000-06:00,Dargeath nostalgia sparks another team-project desire,general,Shagwrath,790310023997816872,"Us talking about dargeath and stuff got my gears spinning, it's making me want to find something we could all team up on like old times",The lost Minecraft project continues to motivate new creation.
037,2021-01-01,2021-01-01T15:07:18.858000-06:00,Leap Year appears on Steam,general,Shagwrath,794673131482644501,https://store.steampowered.com/app/1513570/Leap_Year/?beta=1,The maker phase is now visible on a commercial storefront.
038,2021-03-07,2021-03-07T18:12:33.662000-06:00,Safe Cracker is reconsidered as a Game Boy game,general,Shagwrath,818274961612996669,"real question, remember 'my' safe cracker game? saes bank robbing trainer. if i said i was gonna make that on a game boy, how would you expect it to work? i was thinking you use the d pad to move each digit up and down, a enters, and b goes back a digit. al...",An old minigame is repurposed as a hardware/programming learning exercise.
039,2021-03-28,2021-03-28T13:39:03.060000-05:00,Garth development becomes visible,general,Shagwrath,825801176242192415,"here's Garth so far, who knew that picking the colors would literally be the hardest part of making the game so far",A second game-development thread develops in public.
040,2021-06-06,2021-06-06T17:26:55.824000-05:00,Safe Cracker is targeted for Steam,general,Shagwrath,851225674562928661,I think we're making a new version of safe cracker and putting it on steam 😄,The project moves from nostalgia to product plan.
041,2021-06-22,2021-06-22T23:09:26.256000-05:00,Safe Cracker recruits playtesters,general,Shagwrath,857110075171930123,"who wanna be playtester for safe cracker game? serious. prototype been had done, 2 gamemodes complete, working on storymode next. no art yet but fuck that till the game is fun so you gonna be playing an ugly ass unity game. eg:",The prototype has multiple modes and a planned story mode.
042,2021-09-03,2021-09-03T21:39:15.620000-05:00,The webhost returns,general,Shagwrath,883541695508148234,we have a webhost again! we can host servers and shit yay,Infrastructure capacity becomes part of PGN's second life.
043,2021-09-15,2021-09-15T11:48:00.987000-05:00,The old MTA days are explicitly missed,general,Yuu,887741558500249641,"I need to, I get around for like a week and then I recluse again, I miss.mta days. It was so much easier..",The nostalgia is now openly about a simpler social era.
044,2022-02-13,2022-02-13T18:15:29.590000-06:00,A Battlefront II dedicated server is floated,general,Shagwrath,942574737408802846,should i get a star wars battlefront ii dedicated server going? fielding interest,A 2005 game already begins tugging at PGN years before the 2026 server.
045,2022-03-19,2022-03-19T10:27:58.384000-05:00,The archive states its own thesis,general,Steven,954763170059259965,"i feel like its more of just a place to interact with a community, the game being the medium",Steven's line explains the continuity of PGN better than any statistic.
046,2022-03-28,2022-03-28T21:23:17.082000-05:00,An alt:V server and repo appear,general,Shagwrath,958189575421956156,"i totally made an alt:v server, have been learning about it, made a git repo and started scripting a little bit",The old MTA/FiveM impulse moves into another GTA V framework.
047,2022-08-16,2022-08-16T11:15:52.524000-05:00,Grounded shared-world play is organized,general,Shagwrath,1009133404916293692,Grounded is adding a shared world feature so yall can host and play our world when I'm not online,The feature is celebrated because it makes the shared world persist beyond the host.
048,2022-11-27,2022-11-27T03:32:42.591000-06:00,A sixteen-hour Valheim session,general,Tilong,1046357895140352070,"i am done for the night, been playing Valheim for about ( + or - ) 16hours today",A late-year obsession becomes the setup for the 2023 and 2025 server runs.
049,2022-12-31,2022-12-31T23:07:25.088000-06:00,The Valheim-server question closes the year,general,Tilong,1058974707589857340,@Shagwrath didnt you say you where thinking about starting a Valheim server?,The server instinct fires again.
050,2023-01-09,2023-01-09T13:02:00.893000-06:00,Valheim village/castle planning,general,Shagwrath,1062083843663859762,"thinking about a server. we could all be super casual, make a little village with houses for ourselves then work on a castle or something together, fight all the big bois together.",The desired experience is explicitly communal and slow.
051,2023-01-31,2023-01-31T12:57:02.572000-06:00,Crossout recruitment wave II,general,Shagwrath,1070055125458112653,"@Tilong Nick an I have a game we want you to checkout. It's called Crossout, it's Twisted Metal where you build your own car. So vehicle combat where you can make what you want to fight with. Full transparency, it's a little pay to win feeling, but it's rea...",Crossout returns five years after the first push.
052,2023-02-18,2023-02-18T14:10:09.231000-06:00,A Crossout clan is discussed,general,Tilong,1076596506020294666,@Shagwrath did you guys start a clan on Crossout yet?,By late 2023 new Crossout players are even being onboarded through PGN.
053,2023-03-28,2023-03-28T13:17:48.731000-05:00,ARK revival interest,general,Steven,1090338973206970508,I might be down to play ark again,The word 'again' is PGN history in miniature.
054,2023-07-21,2023-07-21T16:57:03.188000-05:00,Mordhau becomes a summons,general,Yuu,1132068751542591508,@Steven where the fuck be you for mordhauin,A perfect example of how PGN actually organizes play.
055,2023-07-26,2023-07-26T22:04:26.343000-05:00,FiveM zombie server / DBZS return,general,Shagwrath,1133958047069392987,"me and nick been working on the fivem zombie server, we almost have the core of something to build off of. we gonna start mapping soon. DBZS coming back...",Another old-development instinct returns in a new framework.
056,2023-11-01,2023-11-01T17:11:34.068000-05:00,Crossout recruits are given Discord roles,general,Shagwrath,1169398354434863234,"Hello @Nushrek and welcome, I gave you the Crossout roles. Let me know if you need anything",The game temporarily becomes a recruiting funnel into PGN.
057,2023-12-11,2023-12-11T14:52:29.671000-06:00,Helvete is rethemed as a restaurant,general,Shagwrath,1183873969615548476,"@Blade yah am I crazy, I thought we invited you to it? I wasnt sure if I drank too much that night. I didnt kick anyone though. Helvete still going to be a gang, we're still doing most of the same stuff but just retheming as a resturant a little bit. Seemed...",A very PGN form of institutional continuity.
058,2023-12-27,2023-12-27T15:08:02.034000-06:00,Enshrouded is predicted as the next Valheim,general,Tilong,1189676086079004813,"@Shagwrath do you think the server could handle Enshrouded? i think this game will replace Valheim, IF it can run it",PGN is permanently auditioning the next shared world.
059,2024-01-21,2024-01-21T15:59:37.915000-06:00,Palworld server planning,general,Byars,1198748767785062431,@JubyTV do you have a server for palworld if not I am going to get one,2024 begins with a shared-world rush.
060,2024-02-12,2024-02-12T12:40:10.591000-06:00,Game threads become the new organization model,Skull and Bones,Shagwrath,1206671106233081966,Trying out threads instead!,Discord structure finally starts preserving game eras separately.
062,2024-03-08,2024-03-08T16:24:24.680000-06:00,Helvete becomes official again on SAES,general,Shagwrath,1215787233412649072,"get your ass on saes sometime, we just got official as Helvete 😛",One of the oldest names in the clan's mythology gains another active incarnation.
061,2024-03-11,2024-03-11T20:49:30.016000-05:00,Helldivers II gets its own active thread,Helldivers II,Shagwrath,1216926009329193010,https://tenor.com/view/helldiver-helldivers-helldivers2-chestbump-flag-gif-2708234001444907997,The strongest dedicated-game thread of the later archive.
063,2024-03-25,2024-03-25T01:34:22.014000-05:00,A Minecraft Java vanilla server launches,servers,Shagwrath,1221708740617834517,Made a Minecraft Java Vanilla server if anyone is interested. Maybe this will bloom into a bigger project but at the very least we are just going to have some fun. LMK if you want to get added,The classic PGN medium returns under the newer Discord structure.
064,2024-07-18,2024-07-18T13:41:50.841000-05:00,Safe Cracker playtest nears release,general,Shagwrath,1263566421611384936,Safe Cracker playtest probably out today or tomorrow 😎 I got the page approved for the playtest. now waiting on approval for the game build,The long-running project reaches public testing.
065,2024-08-12,2024-08-12T18:10:49.696000-05:00,Safe Cracker gets an August 31 release announcement,games,Shagwrath,1272693809515466794,"https://store.steampowered.com/app/1513570/Safe_Cracker/ If anyone wants a key ask. Otherwise game is $0.99 USD, releasing August 31st @PGN Admin @PGN Moderator @PGN Probation @Retired PGN Member @Regulars",The old MTA-era concept becomes a $0.99 Steam game.
066,2024-09-30,2024-09-30T09:35:27.323000-05:00,The Helvete restaurant joke is recognized as historical absurdity,general,Pimpo,1290321117097230461,I leave for 10 years and helvete turns into a fastfood restaurant,A returning member summarizes the surreal continuity of the old name.
067,2025-01-21,2025-01-21T20:02:19.005000-06:00,Valheim server info is pinned,general,Shagwrath,1331443800232558614,"#Valheim server info is in there pinned, the only thing is were not playing creative",A genuine settlement era begins.
068,2025-03-16,2025-03-16T00:29:56.187000-05:00,The Isle thread turns into a coordinate/map operation,The Isle,Shagwrath,1350702606317781082,"Beach Food Spot -159,891.084, 538,957.81, 20,741.403",A compact but intense shared-game period.
069,2025-06-03,2025-06-03T13:25:58.905000-05:00,Avorion arrives as a server game,Avorion,fart in a jar moosey,1379526545894408385,https://store.steampowered.com/app/445220/Avorion/,The server-hopping age continues into space.
070,2025-06-11,2025-06-11T17:28:17.657000-05:00,Dune: Awakening becomes a shared game,games,fart in a jar moosey,1382486628765012049,@Steven want to group up on dune,The game later becomes one of PGN's most technical server projects.
071,2025-08-03,2025-08-03T15:58:54.557000-05:00,ARK server attempt returns yet again,ARK,Shagwrath,1401670691169894562,"Making a server now, holy cow there is 12 maps?! ```The Island The Center Scorched Earth Ragnarok Aberration Extinction Valguero Genesis: Part 1 Crystal Isles Genesis: Part 2 Lost Island Fjordur```",The 2017 game is still not truly gone.
072,2025-10-24,2025-10-24T20:22:46.622000-05:00,PGN writes a mythic history song,media,Shagwrath,1431452900642521198,"```Yeah… It started in the chaos of the old net. High school heroes, late-night logins. Hell Soldiers became Helvete, Then we all found each other in WSS... Now it’s PGN, baby — Progeny Gaming Network, forever. We were kids with lag, no fame, no plan, Just ...","Useful as oral tradition, not hard pre-Discord chronology."
073,2025-12-16,2025-12-16T21:35:53.919000-06:00,Minecraft returns under helvete.pizza,Minecraft,Steven,1450692958671208508,man I was just talking to a coworker today that it may be time for another minecraft run,The old game and old clan name now meet modern infrastructure.
074,2025-12-28,2025-12-28T11:35:34.325000-06:00,Dargeath 17.0 stirs,Minecraft RPGish Server (Dargeath 17.0),Shagwrath,1454890535931220035,getting things updated,The lost 2010s project becomes a named revival thread.
075,2026-01-03,2026-01-03T16:27:17.600000-06:00,The Workshop era opens with a FiveM slot machine,shagwraths-shit,Shagwrath,1457138277181165619,"fivem slot machine, the start of it at least",PGN's maker culture gets a permanent Discord home.
076,2026-05-20,2026-05-20T21:41:34.650000-05:00,Dune self-hosting becomes possible,games,Shagwrath,1506849407474208869,self hosted servers in dunee,The technical server arc accelerates.
077,2026-05-21,2026-05-21T00:19:01.485000-05:00,Dune configuration archaeology begins,servers,Shagwrath,1506889030372163634,dune settings ive found so far,The archive now contains configs rather than merely server addresses.
078,2026-06-02,2026-06-02T11:35:42.687000-05:00,The private Dune server survives initial testing,general,Shagwrath,1511407978543321169,"Anyone interested in starting over on Dune? been playing our private server for a few hours now, everything seems fine.",A successful test leads toward a tuned public-facing PGN setup.
080,2026-07-18,2026-07-18T23:20:38.762000-05:00,PGN's tuned Dune server is described,games,Shagwrath,1528255222957342861,Some changes coming to the dune server... PGN | Mysa Jar Jar Binks - PvE-Focused • 2× Resources • Harsher Sandstorms • Less Dew • Aggressive Sandworms • Grandfather Tuned for 1–2 Players,The server gets a distinctive PGN identity and custom PvE rules.
081,2026-07-25,2026-07-25T13:41:52.025000-05:00,Battlefront II Classic server goes live,news,Shagwrath,1530646283524640850,"Our **STAR WARS Battlefront II (Classic, 2005)** dedicated server is now live! **Server:** PGN - Ewok Around and Find Out **Settings:** Conquest only, 32 player slots, 16 bots per team, 250 reinforcements, 30-minute rounds, normal AI, heroes disabled, and f...",PGN hosts a 2005 game in 2026.
082,2026-09-08,2026-09-08T11:25:57.012000-05:00,Battlefront gets a web leaderboard and development roadmap,Star Wars: Battlefront II (Classic),Shagwrath,1546919532873121972,"[Landing page and Leaderboard](http://helvete.pizza/swbfii/index.html) (Ask @Shagwrath for the server password) # Development Roadmap * Eliminate Chrome Remote Desktop * PGN player identity/database * Player profiles and lifetime statistics * XP, levels, ra...","The roadmap grows into identity, stats, XP, economy, achievements and Discord integration."
083,2026-09-10,2026-09-10T19:58:46.482000-05:00,PGN formally writes its own About page,about-pgn,Shagwrath,1547773365115162776,"# **Progeny Gaming Network** [PGN] _est. 2015_ ### **Who We Are:** Progeny Gaming Network is a long-running gaming community built around playing games, hosting servers, hanging out, and generally causing problems together. ### **A Brief History of Bad Deci...",The server explicitly defines itself as a friend group more than a formal clan.
084,2026-09-10,2026-09-10T20:29:25.078000-05:00,The Server Status board appears,server-status,Shagwrath,1547781076745719829,# **PGN Server Status** Current servers hosted by Progeny Gaming Network. ### 🟡 #Star Wars: Battlefront II (Classic) **Status:** Paused **Server:** PGN – Ewok Around and Find Out **Mode:** Conquest **Password:** None **Details:** See the SWBFII post in #Sta...,"Current, paused and active projects are now curated like infrastructure."
085,2026-09-13,2026-09-13T13:20:31.604000-05:00,Safe Cracker becomes a Discord Activity,safe-cracker,Shagwrath,1548760306329714743,"I'm taking a break, i still have a bit to do lol. but its working. wordle style, and has leaderboard. i'm happy with it # ToDo * Visual Polish * Sound * Final functional/security test. * Submit the Activity for Discord verification * Confirm it launches in ...",The project enters yet another platform incarnation.
086,2026-09-19,2026-09-19T18:24:09.225000-05:00,helvete.pizza gains a project lab,shagwraths-shit,Shagwrath,1551011043763945562,https://helvete.pizza/lab/,The webhost becomes a public-facing project diary.
087,2026-09-27,2026-09-27T20:45:53.438000-05:00,The archivist bot is welcomed,general,Pickle Rick,1553945815943483463,"Welcome to Progeny Gaming Network, @PGN Archivist!",The archive closes with the tool created to preserve the archive.
